Campus ID,Campus Name,District,County,Grade Range,Charter?,Magnet?,Enrollment,% African American,% Asian,% Hispanic,% White,% Eco Dis,Mobility Rate,% Meets Grade Level - Reading,% Meets Grade Level - Math,Growth Score,Student Achievement Grade,Campus Performance Grade,Growth Grade,C@R Grade,State Rank,Regional Rank
246909125,CANYON CREEK EL,ROUND ROCK ISD,TRAVIS COUNTY,KG-5,N,NO,428,0.7,38.8,11.9,43.0,1.9,5.7,93.5,95.9,59.9,A,A,A,A+,6,1
246909116,LAUREL MOUNTAIN EL,ROUND ROCK ISD,TRAVIS COUNTY,KG-5,N,NO,786,0.9,53.6,7.4,32.3,3.1,5.1,85.4,90.0,60.2,A,A,A,A+,26,2
246909105,SPICEWOOD EL,ROUND ROCK ISD,TRAVIS COUNTY,KG-5,N,NO,825,0.8,32.6,12.5,49.1,5.7,3.1,84.9,88.7,59.8,A,A,A,A+,27,3
246909132,CACTUS RANCH EL,ROUND ROCK ISD,WILLIAMSON COUNTY,KG-5,N,NO,995,1.9,35.0,11.9,46.5,1.0,3.8,85.7,89.9,57.4,A,A,A,A+,38,4
227909106,BRIDGE POINT EL,EANES ISD,TRAVIS COUNTY,KG-5,N,NO,709,1.0,9.0,10.0,76.2,2.0,5.5,84.9,82.2,56.3,A,A,A,A+,89,5
227901119,HIGHLAND PARK EL,AUSTIN ISD,TRAVIS COUNTY,KG-5,N,NO,651,0.3,4.9,13.8,75.7,4.5,5.2,84.1,79.3,59.3,A,A,A,A+,90,6
246909134,PATSY SOMMER EL,ROUND ROCK ISD,WILLIAMSON COUNTY,EE-5,N,NO,1174,1.2,50.5,9.5,34.2,2.3,5.1,80.3,85.1,57.8,A,A,A,A+,92,7
227909105,BARTON CREEK EL,EANES ISD,TRAVIS COUNTY,KG-5,N,NO,498,0.4,25.3,10.2,57.8,0.4,2.7,82.9,80.8,59.3,A,A,A,A+,103,8
227901180,KIKER EL,AUSTIN ISD,TRAVIS COUNTY,EE-5,N,NO,1046,1.1,10.9,17.6,66.8,2.7,4.4,84.8,80.3,55.0,A,A,A,A+,105,9
227901117,GULLETT EL,AUSTIN ISD,TRAVIS COUNTY,EE-5,N,NO,554,1.8,0.7,16.4,75.8,8.8,3.4,80.7,77.4,57.6,A,A,A,A+,121,10
227909104,FOREST TRAIL EL,EANES ISD,TRAVIS COUNTY,KG-5,N,NO,578,0.3,14.0,10.9,71.1,0.7,1.0,82.3,79.0,58.7,A,A,A,A+,126,11
227913104,LAKE POINTE EL,LAKE TRAVIS ISD,TRAVIS COUNTY,EE-5,N,NO,728,2.2,10.6,11.7,72.3,3.8,6.3,74.5,84.8,57.9,A,A,A,A+,135,12
227901112,CASIS EL,AUSTIN ISD,TRAVIS COUNTY,EE-5,N,NO,817,0.9,3.7,10.8,80.3,2.6,3.6,84.8,77.2,53.8,A,A,B,A,144,13
246909139,ELSA ENGLAND EL,ROUND ROCK ISD,WILLIAMSON COUNTY,EE-5,N,NO,970,1.5,61.5,8.1,25.8,4.6,7.9,77.6,81.8,55.9,A,A,A,A,147,14
227901184,CLAYTON EL,AUSTIN ISD,TRAVIS COUNTY,KG-5,N,NO,852,0.7,15.5,13.7,66.2,1.2,2.7,82.5,78.1,55.8,A,A,A,A,156,15
227901154,DOSS EL,AUSTIN ISD,TRAVIS COUNTY,EE-5,N,NO,879,2.0,9.9,15.8,67.6,14.6,9.2,78.5,75.6,54.3,A,A,B,A,160,16
227901181,MILLS EL,AUSTIN ISD,TRAVIS COUNTY,EE-5,N,NO,843,1.7,11.7,23.8,56.0,7.2,5.0,80.2,76.7,54.8,A,A,B,A,169,17
246913123,RIVER RIDGE EL,LEANDER ISD,TRAVIS COUNTY,EE-5,N,NO,730,0.5,12.3,10.8,70.0,1.1,4.7,78.1,80.2,57.7,A,A,A,A,172,18
246909138,LINDA HERRINGTON EL,ROUND ROCK ISD,WILLIAMSON COUNTY,EE-5,N,NO,1000,8.4,5.6,35.8,43.5,22.6,9.9,66.9,78.1,58.7,A,A,A,A,191,19
246909110,KATHY CARAWAY EL,ROUND ROCK ISD,TRAVIS COUNTY,KG-5,N,NO,761,3.7,33.6,15.6,41.9,10.6,15.0,77.0,76.9,54.0,A,A,B,A,194,20
246913111,LAURA WELCH BUSH EL,LEANDER ISD,TRAVIS COUNTY,EE-5,N,NO,795,0.6,13.5,13.6,66.3,1.1,4.1,76.9,77.1,56.8,A,A,A,A,255,21
227901103,BARTON HILLS EL,AUSTIN ISD,TRAVIS COUNTY,KG-6,N,NO,426,1.9,1.6,24.6,66.0,5.9,4.7,77.4,74.0,55.4,A,A,A,A,265,22
246909123,FERN BLUFF EL,ROUND ROCK ISD,WILLIAMSON COUNTY,KG-5,N,NO,630,2.5,10.3,16.5,63.0,7.8,5.2,77.1,72.4,56.4,A,A,A,A,268,23
227909103,VALLEY VIEW EL,EANES ISD,TRAVIS COUNTY,KG-5,N,NO,498,0.2,3.6,19.5,72.3,5.8,3.9,77.1,74.1,52.3,A,A,B,A-,297,24
246913115,RUTLEDGE EL,LEANDER ISD,WILLIAMSON COUNTY,EE-5,N,NO,804,2.1,21.3,20.1,50.9,8.2,7.4,76.5,72.2,53.1,A,A,B,A-,308,25
246913107,STEINER RANCH EL,LEANDER ISD,TRAVIS COUNTY,EE-5,N,NO,604,3.3,10.6,16.9,63.2,10.4,8.6,77.0,69.6,54.3,A,A,B,A-,309,26
227901183,COWAN EL,AUSTIN ISD,TRAVIS COUNTY,EE-5,N,NO,832,5.0,4.8,41.1,42.8,29.4,10.5,67.6,69.9,54.5,A,A,B,A-,318,27
227909102,CEDAR CREEK EL,EANES ISD,TRAVIS COUNTY,KG-5,N,NO,492,1.6,10.6,13.6,67.9,3.3,3.2,77.9,72.8,53.2,A,A,B,A-,324,28
246909135,CHANDLER OAKS EL,ROUND ROCK ISD,WILLIAMSON COUNTY,KG-5,N,NO,546,2.4,8.8,19.8,63.7,8.1,6.3,71.4,74.6,55.9,A,A,A,A-,328,29
227909101,EANES EL,EANES ISD,TRAVIS COUNTY,KG-5,N,NO,671,0.4,6.7,13.6,74.8,2.4,2.8,72.5,76.2,55.0,A,A,A,A-,348,30
227913105,SERENE HILLS EL,LAKE TRAVIS ISD,TRAVIS COUNTY,KG-5,N,NO,809,1.0,2.7,14.7,76.4,6.4,7.1,75.8,71.7,53.4,A,A,B,A-,350,31
227913102,LAKEWAY EL,LAKE TRAVIS ISD,TRAVIS COUNTY,KG-5,N,NO,714,1.5,7.7,14.1,70.4,5.5,7.1,73.1,73.6,52.8,A,A,B,A-,387,32
227913106,WEST CYPRESS HILLS EL,LAKE TRAVIS ISD,TRAVIS COUNTY,KG-5,N,NO,674,0.3,4.9,14.5,73.9,7.6,6.9,72.3,70.4,56.6,A,A,A,A-,399,33
246909130,BLACKLAND PRAIRIE EL,ROUND ROCK ISD,WILLIAMSON COUNTY,KG-5,N,NO,769,5.5,12.5,20.9,56.0,11.1,4.5,70.7,69.7,57.0,A,A,A,A-,403,34
227901121,LEE EL,AUSTIN ISD,TRAVIS COUNTY,KG-6,N,NO,401,3.2,4.2,25.4,59.6,15.5,7.6,68.8,66.3,61.1,A,A,A,A-,408,35
227901110,BRYKER WOODS EL,AUSTIN ISD,TRAVIS COUNTY,KG-6,N,NO,442,1.8,3.8,17.9,70.1,9.7,4.3,76.2,68.4,49.6,A,A,D,A-,426,36
246909128,GREAT OAKS EL,ROUND ROCK ISD,WILLIAMSON COUNTY,EE-5,N,NO,695,3.6,15.3,18.7,57.1,10.4,10.7,71.9,68.8,52.1,A,A,B,B+,472,37
227901187,BALDWIN EL,AUSTIN ISD,TRAVIS COUNTY,EE-5,N,NO,793,1.6,9.2,24.1,59.9,11.1,8.2,72.3,67.1,53.0,A,A,B,B+,486,38
27904104,SPICEWOOD EL,MARBLE FALLS ISD,BURNET COUNTY,EE-5,N,NO,199,1.5,1.0,22.6,68.3,47.7,7.7,60.5,64.0,51.6,B,A,C,B+,505,39
227901170,BOONE EL,AUSTIN ISD,TRAVIS COUNTY,EE-5,N,NO,568,3.5,7.0,44.9,40.5,39.6,13.6,65.6,58.6,54.6,B,A,B,B+,525,40
227904115,ROWE LANE EL,PFLUGERVILLE ISD,TRAVIS COUNTY,EE-5,N,NO,893,8.4,8.2,28.3,49.5,12.1,8.3,69.0,66.1,55.4,A,A,A,B+,530,41
227814001,CHAPARRAL STAR ACADEMY,CHAPARRAL STAR ACADEMY,TRAVIS COUNTY,KG-12,Y,NO,378,5.8,16.4,20.1,52.1,0.0,24.7,72.2,70.1,54.6,A,B,B,B+,532,42
246909131,TERAVISTA EL,ROUND ROCK ISD,WILLIAMSON COUNTY,EE-5,N,NO,836,10.8,13.0,23.0,48.8,13.4,11.3,65.6,69.7,53.5,A,A,B,B+,536,43
227901123,MATHEWS EL,AUSTIN ISD,TRAVIS COUNTY,EE-6,N,NO,442,6.8,9.3,31.7,44.3,28.5,15.0,72.1,55.9,52.6,B,A,B,B+,553,44
227804101,NYOS CHARTER SCHOOL,NYOS CHARTER SCHOOL,TRAVIS COUNTY,4-12,Y,NO,634,11.7,6.3,33.0,45.3,27.6,8.5,62.7,63.4,53.9,B,A,B,B+,606,45
227901155,HILL EL,AUSTIN ISD,TRAVIS COUNTY,EE-5,N,NO,937,2.8,6.9,17.5,66.4,7.6,7.4,69.7,67.9,50.2,A,B,C,B+,628,46
246913118,RIVER PLACE EL,LEANDER ISD,TRAVIS COUNTY,EE-5,N,NO,815,5.5,12.8,19.3,57.7,10.8,11.9,70.3,62.8,54.1,A,B,B,B+,634,47
227913103,BEE CAVE EL,LAKE TRAVIS ISD,TRAVIS COUNTY,KG-5,N,NO,684,1.3,8.5,14.6,72.2,4.7,8.2,68.3,70.4,50.0,A,B,D,B+,648,48
246909114,BRUSHY CREEK EL,ROUND ROCK ISD,WILLIAMSON COUNTY,EE-5,N,NO,803,5.2,17.1,24.0,47.9,20.9,10.3,63.2,64.1,53.8,B,B,B,B+,663,49
16902101,BLANCO EL,BLANCO ISD,BLANCO COUNTY,EE-5,N,NO,448,0.7,0.0,45.5,52.7,55.1,11.9,52.9,60.5,56.5,B,A,A,B+,664,50
227901182,BARANOFF EL,AUSTIN ISD,TRAVIS COUNTY,KG-5,N,NO,1019,2.6,5.3,31.7,55.1,11.6,5.5,68.6,64.6,51.0,A,B,C,B+,677,51
227901107,BRENTWOOD EL,AUSTIN ISD,TRAVIS COUNTY,EE-5,N,NO,641,2.5,0.9,31.8,60.4,21.8,8.4,66.2,60.8,52.2,B,B,B,B+,692,52
227904116,HIGHLAND PARK EL,PFLUGERVILLE ISD,TRAVIS COUNTY,EE-5,N,NO,825,14.3,5.9,53.0,21.1,40.1,12.1,57.1,64.5,49.4,B,A,D,B+,697,53
227901159,GRAHAM EL,AUSTIN ISD,TRAVIS COUNTY,EE-5,N,NO,686,15.0,0.3,78.6,4.8,83.8,16.6,49.0,61.1,49.9,B,A,D,B+,712,54
105904102,WALNUT SPRINGS EL,DRIPPING SPRINGS ISD,HAYS COUNTY,EE-5,N,NO,877,0.9,0.8,21.9,73.5,17.4,4.9,62.3,66.2,52.0,B,B,C,B+,717,55
227904112,MURCHISON EL,PFLUGERVILLE ISD,TRAVIS COUNTY,EE-5,N,NO,786,10.7,10.4,27.2,44.4,11.1,6.1,64.1,67.7,50.8,A,B,C,B+,735,56
246909126,FOREST CREEK EL,ROUND ROCK ISD,WILLIAMSON COUNTY,PK-5,N,NO,853,5.6,7.9,24.7,57.6,10.8,8.0,65.6,65.1,51.7,A,B,C,B+,767,57
246913113,DEER CREEK EL,LEANDER ISD,TRAVIS COUNTY,EE-5,N,NO,673,1.6,9.1,18.0,65.8,6.4,6.4,69.9,61.4,54.0,A,B,B,B+,778,58
227901105,BLACKSHEAR EL,AUSTIN ISD,TRAVIS COUNTY,EE-5,N,NO,380,25.0,1.1,55.8,12.9,70.5,20.2,50.7,56.8,54.1,B,A,B,B+,784,59
246908103,BILL BURDEN EL,LIBERTY HILL ISD,WILLIAMSON COUNTY,EE-4,N,NO,864,1.2,0.3,20.4,75.6,29.7,11.5,55.2,62.2,55.2,B,B,A,B,865,60
227913101,LAKE TRAVIS EL,LAKE TRAVIS ISD,TRAVIS COUNTY,EE-5,N,NO,920,1.2,2.2,49.7,44.5,47.4,8.1,55.6,55.9,53.9,B,B,B,B,896,61
246904109,JO ANN FORD EL,GEORGETOWN ISD,WILLIAMSON COUNTY,KG-5,N,NO,548,2.0,1.1,20.6,71.9,13.9,6.7,66.3,60.8,50.0,B,B,C,B,898,62
246913108,PAULINE NAUMANN EL,LEANDER ISD,WILLIAMSON COUNTY,EE-5,N,NO,472,2.8,4.2,23.1,65.3,20.8,9.0,63.7,56.6,54.9,B,B,B,B,912,63
227912102,LAGO VISTA INT,LAGO VISTA ISD,TRAVIS COUNTY,4-5,N,NO,232,0.4,0.0,19.8,74.6,31.0,0.0,54.9,62.6,51.6,B,B,C,B,947,64
227901128,PEASE EL,AUSTIN ISD,TRAVIS COUNTY,KG-6,N,NO,242,9.9,0.0,35.5,50.0,16.1,2.5,68.8,56.0,49.3,B,B,D,B,971,65
246801001,MERIDIAN WORLD SCHOOL LLC,MERIDIAN WORLD SCHOOL LLC,WILLIAMSON COUNTY,KG-12,Y,NO,1421,6.5,20.6,19.1,48.6,8.4,6.1,71.9,55.8,50.9,B,B,C,B,972,66
27904102,COLT EL,MARBLE FALLS ISD,BURNET COUNTY,EE-5,N,NO,619,0.6,0.8,44.4,51.7,67.4,16.0,48.0,55.1,55.2,B,B,A,B,973,67
246913103,BLOCK HOUSE CREEK EL,LEANDER ISD,WILLIAMSON COUNTY,EE-5,N,NO,656,4.0,1.1,26.1,62.8,21.0,10.1,61.2,60.2,50.8,B,B,C,B,976,68
105904101,DRIPPING SPRINGS EL,DRIPPING SPRINGS ISD,HAYS COUNTY,EE-5,N,NO,992,0.7,1.5,28.1,65.6,16.3,6.0,66.2,57.4,50.7,B,B,C,B,979,69
227901146,ZILKER EL,AUSTIN ISD,TRAVIS COUNTY,EE-6,N,NO,562,1.8,0.7,34.7,57.7,20.3,9.1,64.6,57.4,49.8,B,B,D,B,989,70
246913122,RONALD REAGAN EL,LEANDER ISD,WILLIAMSON COUNTY,EE-5,N,NO,874,1.9,12.5,23.0,56.9,8.2,8.1,65.1,60.1,51.9,B,B,C,B,1054,71
227816004,HARMONY SCHOOL OF POLITICAL SCIENCE & COMM-AUSTIN,HARMONY SCIENCE ACADEMY (AUSTIN),WILLIAMSON COUNTY,PK-12,Y,NO,935,15.6,37.5,14.4,28.8,26.4,14.6,55.6,59.7,52.8,B,B,B,B,1082,72
14804006,GATEWAY COLLEGE PREPARATORY SCHOOL,ORENDA CHARTER SCHOOL,WILLIAMSON COUNTY,KG-12,Y,NO,1210,5.4,3.8,21.2,65.3,8.6,13.9,62.0,61.0,53.4,B,B,B,B,1103,73
246913110,CHARLOTTE COX EL,LEANDER ISD,WILLIAMSON COUNTY,EE-5,N,NO,674,3.0,9.6,22.6,59.6,16.0,8.8,61.2,56.5,54.4,B,B,B,B,1138,74
246909107,DEEPWOOD EL,ROUND ROCK ISD,WILLIAMSON COUNTY,KG-5,N,NO,339,9.7,2.4,28.9,52.5,31.9,9.8,56.7,58.3,47.6,B,B,F,B,1150,75
246908102,LIBERTY HILL INT,LIBERTY HILL ISD,WILLIAMSON COUNTY,5-6,N,NO,581,1.4,0.7,21.0,73.1,25.6,11.6,58.2,56.5,51.2,B,B,C,B,1166,76
227901143,PATTON EL,AUSTIN ISD,TRAVIS COUNTY,EE-5,N,NO,981,4.0,14.8,27.9,48.8,20.0,9.8,62.0,57.1,48.2,B,B,D,B,1170,77
105906116,RALPH PFLUGER EL,HAYS CISD,HAYS COUNTY,KG-5,N,NO,678,5.2,1.6,60.5,30.1,46.0,14.3,51.5,54.9,51.6,B,B,C,B,1208,78
246904107,VILLAGE EL,GEORGETOWN ISD,WILLIAMSON COUNTY,EE-5,N,NO,552,2.2,1.4,42.6,49.1,42.6,11.8,53.0,56.6,47.6,B,B,F,B,1236,79
246909122,OLD TOWN EL,ROUND ROCK ISD,WILLIAMSON COUNTY,EE-5,N,NO,796,3.6,4.4,35.6,54.1,28.9,9.6,55.5,55.2,51.8,B,B,C,B-,1286,80
227901138,SUMMITT EL,AUSTIN ISD,TRAVIS COUNTY,EE-5,N,NO,828,6.3,22.6,27.5,37.7,30.6,12.7,57.9,51.6,52.6,B,B,B,B-,1287,81
246909117,POND SPRINGS EL,ROUND ROCK ISD,WILLIAMSON COUNTY,EE-5,N,NO,670,6.9,7.6,25.1,52.8,25.4,9.6,61.6,54.1,46.0,B,B,F,B-,1302,82
227901104,BECKER EL,AUSTIN ISD,TRAVIS COUNTY,EE-5,N,NO,431,5.8,2.1,54.8,35.7,38.5,12.8,53.3,53.3,52.0,B,B,C,B-,1314,83
227904119,RUTH BARRON EL,PFLUGERVILLE ISD,BASTROP COUNTY,EE-5,N,NO,732,7.9,1.9,83.6,5.1,80.9,11.9,42.1,52.4,53.0,C,B,B,B-,1335,84
246909113,PURPLE SAGE EL,ROUND ROCK ISD,WILLIAMSON COUNTY,EE-5,N,NO,389,4.1,6.7,40.4,44.0,36.5,16.9,54.2,54.7,49.0,B,B,D,B-,1336,85
105904103,ROOSTER SPRINGS EL,DRIPPING SPRINGS ISD,HAYS COUNTY,EE-5,N,NO,933,0.8,2.5,16.9,74.4,2.4,7.7,61.8,59.4,54.0,B,C,B,B-,1345,86
227904106,WINDERMERE EL,PFLUGERVILLE ISD,TRAVIS COUNTY,3-5,N,NO,431,20.2,6.5,39.9,28.3,46.4,13.5,51.1,52.8,51.0,B,B,C,B-,1357,87
227901185,BLAZIER EL,AUSTIN ISD,TRAVIS COUNTY,EE-5,N,NO,811,4.9,1.4,80.8,9.1,70.4,18.5,44.8,49.9,54.3,C,B,B,B-,1371,88
105902102,CROCKETT EL,SAN MARCOS CISD,HAYS COUNTY,KG-5,N,NO,649,6.2,1.2,48.5,42.1,55.2,18.2,56.2,45.4,49.8,B,B,D,B-,1381,89
246913104,CYPRESS EL,LEANDER ISD,WILLIAMSON COUNTY,EE-5,N,NO,728,3.2,6.5,17.0,67.2,10.0,6.4,64.1,55.3,49.0,B,C,D,B-,1393,90
246913117,WILLIAM J WINKLEY EL,LEANDER ISD,WILLIAMSON COUNTY,EE-5,N,NO,652,2.9,4.1,22.9,63.8,8.0,6.9,62.4,54.5,52.6,B,C,B,B-,1446,91
246913121,WESTSIDE EL,LEANDER ISD,WILLIAMSON COUNTY,EE-5,N,NO,557,0.9,7.5,18.9,68.9,5.9,5.0,61.1,54.8,55.1,B,C,A,B-,1474,92
105906115,CARPENTER HILL EL,HAYS CISD,HAYS COUNTY,KG-5,N,NO,641,1.9,0.2,33.5,61.3,12.2,4.6,63.5,55.1,45.9,B,C,F,B-,1475,93
227901163,HART EL,AUSTIN ISD,TRAVIS COUNTY,EE-5,N,NO,697,8.5,4.7,81.2,4.3,96.4,18.4,44.4,50.9,45.6,C,B,F,B-,1489,94
246913120,PARKSIDE EL,LEANDER ISD,WILLIAMSON COUNTY,EE-5,N,NO,1135,1.9,13.9,16.3,63.4,2.3,8.4,66.8,55.5,48.2,B,C,D,B-,1492,95
246913119,GRANDVIEW HILLS EL,LEANDER ISD,TRAVIS COUNTY,EE-5,N,NO,483,8.7,9.5,24.6,50.5,25.3,15.5,58.1,52.1,48.3,B,B,D,B-,1531,96
246909127,CALDWELL HEIGHTS EL,ROUND ROCK ISD,WILLIAMSON COUNTY,EE-5,N,NO,635,12.6,5.5,49.0,30.4,46.0,16.7,49.3,50.0,53.2,C,B,B,B-,1539,97
227901132,REILLY EL,AUSTIN ISD,TRAVIS COUNTY,EE-5,N,NO,268,4.9,6.0,78.0,9.0,69.4,20.6,33.0,53.3,62.5,C,C,A,B-,1547,98
227904101,PFLUGERVILLE EL,PFLUGERVILLE ISD,TRAVIS COUNTY,EE-5,N,NO,469,14.3,5.3,43.3,32.8,48.0,10.7,48.4,48.2,55.9,C,C,A,B-,1554,99
227901188,PADRON EL,AUSTIN ISD,TRAVIS COUNTY,EE-5,N,NO,796,4.3,0.1,94.0,0.9,81.3,21.5,36.0,53.8,53.2,C,B,B,B-,1578,100
227904118,RIOJAS EL,PFLUGERVILLE ISD,TRAVIS COUNTY,EE-5,N,NO,952,11.4,9.1,31.4,40.1,21.3,9.8,56.7,54.1,48.3,B,C,D,B-,1584,101
227901165,MCBEE EL,AUSTIN ISD,TRAVIS COUNTY,KG-5,N,NO,448,3.8,0.2,94.9,0.7,94.4,18.5,36.2,52.5,52.9,C,B,B,B-,1588,102
227904111,COPPERFIELD EL,PFLUGERVILLE ISD,TRAVIS COUNTY,EE-5,N,NO,443,12.4,3.8,70.9,9.0,74.7,18.0,44.7,46.6,51.9,C,B,C,B-,1598,103
105905101,JACOB'S WELL EL,WIMBERLEY ISD,HAYS COUNTY,2-5,N,NO,676,0.3,0.1,25.1,71.6,27.1,8.5,58.2,48.6,49.4,B,C,D,B-,1635,104
246906104,RAY EL,HUTTO ISD,WILLIAMSON COUNTY,EE-5,N,NO,689,9.7,0.9,44.7,40.5,43.5,13.0,50.8,47.3,53.3,C,C,B,B-,1648,105
227816005,HARMONY SCHOOL OF INNOVATION - AUSTIN,HARMONY SCIENCE ACADEMY (AUSTIN),TRAVIS COUNTY,KG-5,Y,NO,450,6.9,1.1,82.0,8.4,74.9,11.0,38.6,47.8,57.5,C,C,A,C+,1667,106
227907108,PIONEER CROSSING EL,MANOR ISD,TRAVIS COUNTY,EE-5,N,NO,627,23.3,15.0,46.1,8.8,64.9,19.8,42.6,50.6,50.3,C,B,C,C+,1680,107
246904106,RAYE MCCOY EL,GEORGETOWN ISD,WILLIAMSON COUNTY,KG-5,N,NO,599,2.0,1.8,21.5,70.5,18.5,10.5,57.9,51.8,49.4,B,C,D,C+,1687,108
246906101,HUTTO EL,HUTTO ISD,WILLIAMSON COUNTY,EE-5,N,NO,447,11.9,0.7,28.6,53.0,33.8,12.1,44.2,55.3,55.1,C,C,A,C+,1690,109
11901102,MINA EL,BASTROP ISD,BASTROP COUNTY,EE-4,N,NO,614,10.7,2.4,38.8,44.8,49.3,19.6,47.7,48.1,52.3,C,C,B,C+,1711,110
227901148,OAK HILL EL,AUSTIN ISD,TRAVIS COUNTY,EE-5,N,NO,830,1.7,6.0,45.7,41.6,35.9,11.7,52.8,47.9,51.2,B,C,C,C+,1719,111
227904102,PARMER LANE EL,PFLUGERVILLE ISD,TRAVIS COUNTY,EE-5,N,NO,491,13.0,8.1,65.4,11.8,63.5,17.7,47.4,42.4,54.6,C,C,B,C+,1728,112
227901136,ST ELMO EL,AUSTIN ISD,TRAVIS COUNTY,EE-5,N,NO,284,6.0,2.1,80.6,9.2,78.5,11.7,43.5,44.3,52.2,C,B,B,C+,1746,113
246909121,GATTIS EL,ROUND ROCK ISD,WILLIAMSON COUNTY,EE-5,N,NO,690,15.8,4.8,40.3,32.5,39.1,11.5,47.2,50.7,52.6,C,C,B,C+,1759,114
246912101,THRALL EL,THRALL ISD,WILLIAMSON COUNTY,EE-4,N,NO,304,1.3,0.3,32.9,61.2,33.6,9.3,56.6,44.1,50.8,B,C,C,C+,1783,115
227901186,GUERRERO THOMPSON,AUSTIN ISD,TRAVIS COUNTY,EE-5,N,NO,667,4.0,3.3,88.3,3.4,81.7,17.1,38.0,46.9,53.3,C,C,B,C+,1855,116
227803101,EDEN PARK ACADEMY,WAYSIDE SCHOOLS,TRAVIS COUNTY,EE-5,Y,NO,426,4.9,2.3,43.2,39.4,35.4,11.1,51.2,46.5,51.2,C,C,C,C+,1888,117
246906106,VETERANS HILL EL,HUTTO ISD,WILLIAMSON COUNTY,EE-5,N,NO,637,8.0,0.2,65.3,23.2,58.4,11.1,44.8,46.4,49.9,C,C,D,C+,1898,118
105906106,BUDA EL,HAYS CISD,HAYS COUNTY,EE-5,N,NO,542,2.8,1.1,54.8,37.1,40.0,11.6,47.6,48.1,50.2,C,C,C,C+,1945,119
227824001,THE EAST AUSTIN COLLEGE PREP AT SOUTHWEST KEY,PROMESA PUBLIC SCHOOLS,TRAVIS COUNTY,EE-5,Y,NO,101,10.9,0.0,84.2,5.0,99.0,15.8,38.8,43.5,51.7,C,C,C,C+,1981,120
227901140,TRAVIS HTS EL,AUSTIN ISD,TRAVIS COUNTY,EE-5,N,NO,547,8.0,2.9,61.2,24.9,63.4,16.4,40.6,44.4,54.7,C,C,B,C+,1983,121
227904117,WIELAND EL,PFLUGERVILLE ISD,TRAVIS COUNTY,EE-5,N,NO,407,18.9,37.8,30.5,9.3,66.1,12.1,43.4,46.7,45.8,C,B,F,C+,1993,122
227901179,DAVIS EL,AUSTIN ISD,TRAVIS COUNTY,EE-5,N,NO,813,5.2,11.3,26.3,50.7,21.2,12.9,57.0,47.7,46.4,B,C,F,C+,2002,123
227901126,ORTEGA EL,AUSTIN ISD,TRAVIS COUNTY,EE-5,N,NO,306,8.8,1.0,82.7,4.2,83.7,17.7,36.2,49.6,46.9,C,B,F,C+,2022,124
246909109,ANDERSON MILL EL,ROUND ROCK ISD,WILLIAMSON COUNTY,EE-5,N,NO,500,13.6,7.6,40.8,34.6,54.6,23.4,42.5,46.7,50.5,C,C,C,C+,2059,125
227901156,ODOM EL,AUSTIN ISD,TRAVIS COUNTY,EE-5,N,NO,507,5.5,0.0,88.0,5.1,86.0,17.0,35.4,46.0,51.9,C,C,C,C,2080,126
221801058,FOUNDERS CLASSICAL ACADEMY OF LEANDER,TEXAS COLLEGE PREPARATORY ACADEMIES,WILLIAMSON COUNTY,KG-12,Y,NO,573,1.6,2.8,19.7,69.8,3.0,9.5,63.1,44.6,53.5,B,D,B,C,2107,127
246913101,WHITESTONE EL,LEANDER ISD,WILLIAMSON COUNTY,EE-5,N,NO,746,2.3,2.0,39.8,51.1,34.5,10.6,51.7,43.2,50.5,C,C,C,C,2110,128
227904108,BROOKHOLLOW EL,PFLUGERVILLE ISD,TRAVIS COUNTY,EE-5,N,NO,420,24.8,7.6,32.4,26.0,48.6,11.6,49.3,43.7,46.4,C,C,F,C,2113,129
227901150,NORMAN EL,AUSTIN ISD,TRAVIS COUNTY,EE-6,N,NO,262,49.2,0.0,47.7,2.3,93.1,29.4,24.1,48.2,64.0,D,D,A,C,2115,130
227904120,DEARING EL,PFLUGERVILLE ISD,TRAVIS COUNTY,EE-5,N,NO,570,21.6,3.2,40.4,26.5,44.6,13.3,45.4,46.8,49.5,C,C,D,C,2116,131
227907101,MANOR EL,MANOR ISD,TRAVIS COUNTY,EE-5,N,NO,493,20.7,1.2,69.2,6.7,82.8,15.0,39.4,44.5,47.8,C,C,F,C,2117,132
227904103,TIMMERMAN EL,PFLUGERVILLE ISD,TRAVIS COUNTY,EE-5,N,NO,406,13.8,8.4,41.6,29.8,45.3,12.1,50.5,42.3,48.0,C,C,D,C,2118,133
227901171,PALM EL,AUSTIN ISD,TRAVIS COUNTY,EE-5,N,NO,470,4.7,1.3,87.2,4.5,80.4,15.2,39.5,42.4,51.1,C,C,C,C,2124,134
227816001,HARMONY SCIENCE ACADEMY - AUSTIN,HARMONY SCIENCE ACADEMY (AUSTIN),TRAVIS COUNTY,PK-12,Y,NO,594,8.2,3.9,82.0,4.0,91.8,16.2,33.5,44.2,55.4,D,C,A,C,2143,135
246909124,JOLLYVILLE EL,ROUND ROCK ISD,TRAVIS COUNTY,EE-5,N,NO,430,11.6,13.3,26.7,41.4,37.2,18.5,43.5,45.8,55.5,C,D,A,C,2188,136
227907102,BLUEBONNET TRAIL EL,MANOR ISD,TRAVIS COUNTY,EE-5,N,NO,553,22.6,12.1,48.6,12.5,66.7,19.5,41.5,41.0,52.2,C,C,B,C,2190,137
27904101,MARBLE FALLS EL,MARBLE FALLS ISD,BURNET COUNTY,EE-5,N,NO,625,3.8,2.1,35.7,54.7,66.4,15.4,40.1,41.6,53.3,C,C,B,C,2198,138
227901133,RIDGETOP EL,AUSTIN ISD,TRAVIS COUNTY,EE-5,N,NO,331,3.0,1.5,61.3,29.9,33.8,8.5,50.9,45.5,45.9,C,C,F,C,2214,139
105906111,LAURA B NEGLEY EL,HAYS CISD,HAYS COUNTY,KG-5,N,NO,758,2.1,0.9,35.4,56.7,18.3,9.7,51.7,46.5,52.8,C,D,B,C,2218,140
227904109,SPRINGHILL EL,PFLUGERVILLE ISD,TRAVIS COUNTY,EE-5,N,NO,579,9.0,6.4,68.4,14.2,65.6,12.3,47.1,39.6,45.4,C,C,F,C,2225,141
11901109,BLUEBONNET EL,BASTROP ISD,BASTROP COUNTY,EE-4,N,NO,832,2.8,0.0,71.0,23.2,70.9,19.6,37.2,47.2,46.8,C,C,F,C,2226,142
105906107,ELM GROVE EL,HAYS CISD,HAYS COUNTY,KG-5,N,NO,778,1.2,1.7,29.0,64.3,10.0,7.1,56.4,48.1,49.1,B,D,D,C,2242,143
105906113,BLANCO VISTA EL,HAYS CISD,HAYS COUNTY,PK-5,N,NO,766,3.7,0.9,74.7,18.5,63.3,17.0,39.0,42.6,53.8,C,C,B,C,2245,144
246909119,DOUBLE FILE TRAIL EL,ROUND ROCK ISD,WILLIAMSON COUNTY,EE-5,N,NO,648,14.5,3.7,38.6,37.2,40.6,11.5,49.1,43.1,48.2,C,C,D,C,2250,145
246909120,LIVE OAK EL,ROUND ROCK ISD,WILLIAMSON COUNTY,KG-5,N,NO,563,10.8,5.0,34.5,43.3,36.4,23.7,47.9,46.4,46.8,C,C,F,C,2268,146
11901103,CEDAR CREEK EL,BASTROP ISD,BASTROP COUNTY,EE-4,N,NO,788,0.9,0.1,87.2,10.0,78.4,11.6,32.8,45.3,53.8,D,C,B,C,2275,147
227901161,COOK EL,AUSTIN ISD,TRAVIS COUNTY,KG-5,N,NO,519,6.0,1.2,88.1,3.5,94.4,23.6,35.7,42.7,51.0,D,C,C,C,2278,148
246906121,NADINE JOHNSON EL,HUTTO ISD,WILLIAMSON COUNTY,EE-5,N,NO,417,12.5,0.7,37.9,39.3,38.6,11.7,48.3,43.6,48.9,C,D,D,C,2289,149
227901144,WOOTEN EL,AUSTIN ISD,TRAVIS COUNTY,EE-5,N,NO,567,6.5,0.9,87.7,4.6,83.8,15.5,34.7,46.2,48.1,C,C,D,C,2293,150
246909108,FOREST NORTH EL,ROUND ROCK ISD,WILLIAMSON COUNTY,EE-5,N,NO,362,14.1,7.5,34.5,38.7,47.2,26.4,52.7,36.9,47.7,C,C,F,C,2298,151
246914101,COUPLAND EL,COUPLAND ISD,WILLIAMSON COUNTY,KG-8,N,NO,166,4.2,1.2,30.1,60.8,35.5,12.2,55.3,35.2,51.2,C,D,C,C,2322,152
246911102,MAIN STREET INT,TAYLOR ISD,WILLIAMSON COUNTY,4-5,N,NO,449,10.0,0.7,59.9,27.6,66.4,10.0,39.1,42.5,49.3,C,C,D,C,2367,153
227901101,ALLISON EL,AUSTIN ISD,TRAVIS COUNTY,EE-6,N,NO,460,4.1,0.0,95.2,0.7,85.2,16.1,33.5,43.3,51.4,D,C,C,C,2381,154
108807135,IDEA ALLAN ACADEMY,IDEA PUBLIC SCHOOLS,TRAVIS COUNTY,KG-5,Y,NO,716,3.1,0.3,94.3,2.1,94.0,8.9,36.9,38.3,52.9,D,C,B,C,2383,155
246906107,HOWARD NORMAN EL,HUTTO ISD,WILLIAMSON COUNTY,KG-5,N,NO,585,14.4,1.5,36.2,41.4,34.9,0.0,49.5,41.4,49.0,C,D,D,C,2414,156
227820101,KIPP AUSTIN COMUNIDAD,KIPP AUSTIN PUBLIC SCHOOLS INC,TRAVIS COUNTY,PK-4,Y,NO,602,2.7,0.3,91.9,4.3,88.0,3.6,36.8,41.7,47.7,D,C,F,C,2429,157
27903104,RJ RICHEY EL,BURNET CISD,BURNET COUNTY,3-5,N,NO,553,0.7,0.5,32.2,64.6,60.4,14.0,41.2,41.1,49.5,C,D,D,C,2438,158
227816003,HARMONY SCHOOL OF SCIENCE - AUSTIN,HARMONY SCIENCE ACADEMY (AUSTIN),TRAVIS COUNTY,KG-5,Y,NO,532,19.2,26.5,30.1,18.0,47.6,15.6,44.3,42.1,48.0,C,D,D,C,2473,159
16901101,LYNDON B JOHNSON EL,JOHNSON CITY ISD,BLANCO COUNTY,EE-4,N,NO,240,0.0,0.0,30.8,67.5,44.2,11.3,44.4,43.5,47.0,C,D,F,C,2488,160
246902101,FLORENCE EL,FLORENCE ISD,WILLIAMSON COUNTY,EE-5,N,NO,465,1.3,0.0,52.7,43.9,71.0,12.5,40.8,36.6,50.8,D,D,C,C-,2518,161
246906103,COTTONWOOD CREEK EL,HUTTO ISD,WILLIAMSON COUNTY,KG-5,N,NO,648,13.6,1.7,38.4,39.5,43.8,15.0,38.4,46.7,50.9,C,D,C,C-,2525,162
227901130,PLEASANT HILL EL,AUSTIN ISD,TRAVIS COUNTY,EE-5,N,NO,502,6.2,0.8,88.4,4.0,81.7,22.5,32.9,43.5,49.7,D,C,D,C-,2527,163
11901101,EMILE EL,BASTROP ISD,BASTROP COUNTY,EE-4,N,NO,564,8.9,0.7,39.9,45.7,51.6,19.9,39.5,46.3,45.8,C,D,F,C-,2533,164
227901127,SANCHEZ EL,AUSTIN ISD,TRAVIS COUNTY,EE-5,N,NO,353,3.4,4.5,89.8,1.7,93.8,21.9,29.3,45.9,49.8,D,C,D,C-,2536,165
227901122,MAPLEWOOD EL,AUSTIN ISD,TRAVIS COUNTY,EE-6,N,NO,497,18.5,1.8,31.2,41.0,40.4,14.9,46.7,40.9,48.4,C,D,D,C-,2538,166
246909115,WELLS BRANCH EL,ROUND ROCK ISD,TRAVIS COUNTY,EE-5,N,NO,499,19.0,6.6,49.3,21.2,55.3,19.7,41.3,43.6,45.0,C,C,F,C-,2567,167
227904114,CALDWELL EL,PFLUGERVILLE ISD,TRAVIS COUNTY,EE-5,N,NO,686,11.8,4.4,61.2,19.1,51.3,12.1,42.8,40.4,48.2,C,D,D,C-,2615,168
227901114,DAWSON EL,AUSTIN ISD,TRAVIS COUNTY,EE-5,N,NO,339,8.8,1.8,74.6,13.0,80.2,15.3,35.7,35.7,55.2,D,D,A,C-,2629,169
105902107,HERNANDEZ EL,SAN MARCOS CISD,HAYS COUNTY,KG-5,N,NO,571,5.8,1.1,69.4,22.2,70.8,18.5,44.0,34.3,47.0,D,C,F,C-,2632,170
227901120,JOSLIN EL,AUSTIN ISD,TRAVIS COUNTY,EE-5,N,NO,261,2.3,1.5,65.5,27.2,66.7,13.8,36.9,41.2,47.6,D,D,F,C-,2680,171
246907201,JARRELL INT,JARRELL ISD,WILLIAMSON COUNTY,3-5,N,NO,337,3.0,0.3,51.6,39.2,59.9,13.2,38.2,39.7,50.5,D,D,C,C-,2686,172
105902101,BOWIE EL,SAN MARCOS CISD,HAYS COUNTY,KG-5,N,NO,561,1.8,0.0,82.7,14.6,72.7,12.6,35.9,39.5,49.4,D,D,D,C-,2690,173
246909137,UNION HILL EL,ROUND ROCK ISD,WILLIAMSON COUNTY,EE-5,N,NO,774,16.1,2.8,54.5,24.5,68.6,14.7,38.6,38.8,47.5,D,D,F,C-,2698,174
227901147,MENCHACA EL,AUSTIN ISD,TRAVIS COUNTY,EE-5,N,NO,740,3.1,3.6,60.4,28.4,39.2,13.7,47.3,41.0,43.9,C,D,F,C-,2717,175
227901106,BLANTON EL,AUSTIN ISD,TRAVIS COUNTY,EE-6,N,NO,486,9.1,0.4,74.7,14.6,74.7,21.4,31.0,41.7,51.7,D,D,C,C-,2740,176
227901172,KOCUREK EL,AUSTIN ISD,TRAVIS COUNTY,EE-5,N,NO,538,8.4,2.2,61.7,22.9,62.1,14.4,38.6,39.5,48.2,D,D,D,C-,2744,177
227820103,KIPP AUSTIN OBRAS,KIPP AUSTIN PUBLIC SCHOOLS INC,TRAVIS COUNTY,KG-4,Y,NO,591,2.9,0.2,94.1,2.4,85.4,5.5,34.5,43.2,41.7,D,C,F,C-,2762,178
246913102,ADA MAE FAUBION EL,LEANDER ISD,WILLIAMSON COUNTY,EE-5,N,NO,471,4.7,3.0,23.8,63.9,27.4,11.6,50.8,37.0,49.6,C,F,D,C-,2780,179
227904107,RIVER OAKS EL,PFLUGERVILLE ISD,TRAVIS COUNTY,EE-5,N,NO,544,25.0,1.8,56.6,13.6,77.6,20.7,34.3,36.4,52.1,D,D,B,C-,2833,180
227901145,ZAVALA EL,AUSTIN ISD,TRAVIS COUNTY,EE-6,N,NO,357,16.5,0.8,79.0,2.5,83.2,23.2,36.7,39.2,42.9,D,C,F,C-,2848,181
227904105,DESSAU EL,PFLUGERVILLE ISD,TRAVIS COUNTY,3-5,N,NO,567,9.9,4.6,76.7,6.5,79.7,14.1,33.0,37.7,50.5,D,D,C,C-,2876,182
227820104,KIPP AUSTIN LEADERSHIP EL,KIPP AUSTIN PUBLIC SCHOOLS INC,TRAVIS COUNTY,KG-4,Y,NO,583,5.3,0.2,87.8,5.8,85.9,10.2,34.8,38.9,44.6,D,D,F,C-,2889,183
227907109,SHADOWGLEN EL,MANOR ISD,TRAVIS COUNTY,EE-5,N,NO,724,27.5,1.5,55.8,11.9,66.6,16.5,37.5,36.0,49.5,D,D,D,D+,2901,184
246909101,CLAUDE BERKMAN EL,ROUND ROCK ISD,WILLIAMSON COUNTY,EE-5,N,NO,476,13.2,1.5,71.2,11.3,83.6,27.8,28.9,40.1,51.6,D,D,C,D+,2924,185
227901173,CASEY EL,AUSTIN ISD,TRAVIS COUNTY,EE-5,N,NO,633,4.7,2.5,69.2,19.1,59.6,14.4,44.0,36.6,41.5,C,D,F,D+,2927,186
227901158,SUNSET VALLEY EL,AUSTIN ISD,TRAVIS COUNTY,EE-5,N,NO,532,2.3,1.5,66.5,27.8,50.6,11.8,47.8,31.6,47.0,D,D,F,D+,2937,187
227819101,UNIVERSITY OF TEXAS EL CHARTER SCHOOL,UNIVERSITY OF TEXAS ELEMENTARY CHARTER SCHOOL,TRAVIS COUNTY,PK-5,Y,NO,304,10.5,2.6,64.5,19.4,57.9,4.0,35.2,42.6,46.2,D,D,F,D+,2938,188
227901152,WOOLDRIDGE EL,AUSTIN ISD,TRAVIS COUNTY,EE-5,N,NO,611,5.4,4.1,84.1,5.2,93.0,15.1,26.9,37.1,57.5,D,F,A,D+,2953,189
246909111,VIC ROBERTSON EL,ROUND ROCK ISD,WILLIAMSON COUNTY,EE-5,N,NO,443,13.1,1.8,61.4,19.4,72.7,18.0,33.2,36.4,52.3,D,D,B,D+,2966,190
27903102,BERTRAM EL,BURNET CISD,BURNET COUNTY,EE-5,N,NO,370,0.8,0.0,34.9,61.1,67.8,15.8,35.8,37.0,48.1,D,D,D,D+,3011,191
11901107,RED ROCK EL,BASTROP ISD,BASTROP COUNTY,EE-4,N,NO,689,0.6,0.0,74.9,21.5,79.7,14.3,28.1,40.6,50.8,D,D,C,D+,3022,192
246904105,DELL PICKETT EL,GEORGETOWN ISD,WILLIAMSON COUNTY,EE-5,N,NO,328,6.7,0.9,37.5,50.0,51.5,15.9,46.1,32.9,44.9,D,D,F,D+,3056,193
11904101,SMITHVILLE EL,SMITHVILLE ISD,BASTROP COUNTY,3-5,N,NO,400,6.8,0.5,32.8,56.5,64.0,15.8,35.1,38.5,47.4,D,D,F,D+,3060,194
246913112,PATRICIA KNOWLES EL,LEANDER ISD,WILLIAMSON COUNTY,EE-5,N,NO,657,4.6,2.1,49.5,39.1,55.3,9.4,42.4,32.6,49.0,D,D,D,D+,3067,195
27904103,HIGHLAND LAKES EL,MARBLE FALLS ISD,BURNET COUNTY,EE-5,N,NO,660,1.2,0.0,72.1,26.5,82.1,11.7,34.8,33.6,48.2,D,D,D,D+,3125,196
246913114,PLEASANT HILL EL,LEANDER ISD,WILLIAMSON COUNTY,EE-5,N,NO,823,3.5,3.6,24.1,63.4,22.7,7.5,51.2,36.6,44.6,C,F,F,D+,3140,197
246909129,JOE LEE JOHNSON EL,ROUND ROCK ISD,TRAVIS COUNTY,EE-5,N,NO,522,20.3,9.6,33.9,29.5,49.8,0.0,38.9,37.8,46.3,D,F,F,D+,3158,198
227901129,PECAN SPRINGS EL,AUSTIN ISD,TRAVIS COUNTY,EE-6,N,NO,469,30.7,0.0,64.6,3.6,89.6,24.7,28.9,33.9,54.1,D,F,B,D+,3187,199
246909136,NEYSA CALLISON EL,ROUND ROCK ISD,WILLIAMSON COUNTY,EE-5,N,NO,792,19.2,4.2,51.6,21.2,63.4,19.9,36.3,36.1,46.2,D,D,F,D+,3189,200
246909118,BLUEBONNET EL,ROUND ROCK ISD,WILLIAMSON COUNTY,EE-5,N,NO,438,12.6,3.2,65.5,15.5,80.8,17.8,35.1,34.7,44.3,D,D,F,D+,3214,201
221801048,VISTA ACADEMY OF AUSTIN-MUELLER,TEXAS COLLEGE PREPARATORY ACADEMIES,TRAVIS COUNTY,PK-12,Y,NO,211,25.1,0.0,64.9,4.3,76.3,17.5,36.0,31.6,48.6,D,D,D,D+,3217,202
227826101,MAGNOLIA MONTESSORI FOR ALL,MONTESSORI FOR ALL,TRAVIS COUNTY,EE-8,Y,NO,377,9.0,1.1,44.6,41.6,39.0,9.0,49.3,30.9,45.0,C,F,F,D+,3218,203
227910106,SMITH EL,DEL VALLE ISD,TRAVIS COUNTY,EE-5,N,NO,791,6.3,0.6,86.1,5.3,92.0,20.9,23.2,39.3,53.5,D,F,B,D+,3226,204
246904102,CARVER EL,GEORGETOWN ISD,WILLIAMSON COUNTY,EE-5,N,NO,844,6.9,4.0,53.4,30.7,49.8,16.5,38.9,37.3,45.1,D,F,F,D+,3247,205
246913125,CHRISTINE CAMACHO EL,LEANDER ISD,WILLIAMSON COUNTY,EE-5,N,NO,707,3.3,1.3,35.2,56.7,33.8,15.1,43.8,36.3,47.0,C,F,F,D+,3252,206
227901190,PEREZ EL,AUSTIN ISD,TRAVIS COUNTY,EE-5,N,NO,723,5.5,0.3,88.4,3.7,81.6,20.4,33.5,35.0,44.9,D,D,F,D,3272,207
11901110,LOST PINES EL,BASTROP ISD,BASTROP COUNTY,EE-4,N,NO,746,1.1,0.0,81.2,15.5,84.5,18.2,28.5,36.6,49.0,D,F,D,D,3297,208
227910112,JOSEPH GILBERT EL,DEL VALLE ISD,TRAVIS COUNTY,EE-5,N,NO,610,9.0,0.2,79.7,8.2,92.8,17.2,29.2,37.7,45.3,D,D,F,D,3299,209
227901189,OVERTON EL,AUSTIN ISD,TRAVIS COUNTY,EE-6,N,NO,667,23.7,0.0,74.5,0.7,84.9,22.3,28.3,36.3,49.4,D,F,D,D,3307,210
246909106,XENIA VOIGT EL,ROUND ROCK ISD,WILLIAMSON COUNTY,EE-5,N,NO,565,8.3,0.7,72.2,15.4,75.0,20.5,31.5,31.7,51.9,D,F,C,D,3365,211
28902104,PLUM CREEK EL,LOCKHART ISD,CALDWELL COUNTY,KG-5,N,NO,550,3.6,0.0,82.9,12.2,83.1,15.9,31.4,33.1,48.0,D,F,D,D,3380,212
227901151,PILLOW EL,AUSTIN ISD,TRAVIS COUNTY,EE-5,N,NO,507,10.1,4.5,61.7,17.8,72.0,22.9,32.3,33.6,48.2,D,F,D,D,3382,213
227820102,KIPP AUSTIN CONNECTIONS EL,KIPP AUSTIN PUBLIC SCHOOLS INC,TRAVIS COUNTY,PK-4,Y,NO,603,7.5,0.2,89.6,2.2,83.3,2.5,29.8,35.6,46.4,D,F,F,D,3391,214
227901168,LANGFORD EL,AUSTIN ISD,TRAVIS COUNTY,EE-5,N,NO,619,5.3,0.2,92.1,2.1,93.9,17.0,23.4,38.6,50.0,D,F,C,D,3395,215
28902103,NAVARRO EL,LOCKHART ISD,CALDWELL COUNTY,KG-5,N,NO,457,5.0,0.7,54.7,37.2,64.6,15.8,34.0,34.5,46.1,D,F,F,D,3424,216
11901108,CEDAR CREEK INT,BASTROP ISD,BASTROP COUNTY,5-6,N,NO,866,2.1,0.2,75.9,19.5,70.8,13.6,29.4,35.9,47.8,D,F,F,D,3442,217
227901111,CAMPBELL EL,AUSTIN ISD,TRAVIS COUNTY,EE-5,N,NO,194,57.2,0.0,35.6,4.1,88.1,20.8,30.3,32.8,46.9,D,F,F,D,3473,218
227901109,BROWN EL,AUSTIN ISD,TRAVIS COUNTY,EE-6,N,NO,353,5.1,2.0,87.3,4.2,86.4,17.8,28.7,34.4,47.1,D,F,F,D,3477,219
246913105,C C MASON EL,LEANDER ISD,WILLIAMSON COUNTY,EE-5,N,NO,609,3.6,2.5,25.1,63.9,29.9,10.5,44.3,35.6,43.8,D,F,F,D,3488,220
246913106,LOIS F GIDDENS EL,LEANDER ISD,WILLIAMSON COUNTY,EE-5,N,NO,533,4.5,3.0,39.0,46.7,36.8,7.9,39.8,35.1,47.1,D,F,F,D,3502,221
227901166,WILLIAMS EL,AUSTIN ISD,TRAVIS COUNTY,EE-5,N,NO,458,5.2,2.2,77.5,11.6,77.5,16.4,31.1,33.5,44.2,D,F,F,D,3549,222
227901178,JORDAN EL,AUSTIN ISD,TRAVIS COUNTY,EE-6,N,NO,712,17.1,0.0,80.5,1.0,87.9,20.0,25.3,32.8,51.7,F,F,C,D,3558,223
227901118,HARRIS EL,AUSTIN ISD,TRAVIS COUNTY,EE-6,N,NO,614,11.7,4.2,80.8,2.0,95.3,22.6,28.6,30.0,48.7,F,F,D,D,3614,224
227803102,REAL LEARNING ACADEMY,WAYSIDE SCHOOLS,TRAVIS COUNTY,PK-5,Y,NO,686,5.7,1.0,83.1,8.5,63.7,11.3,29.1,35.0,47.4,D,F,F,D,3615,225
227817101,CEDARS INTERNATIONAL ACADEMY,CEDARS INTERNATIONAL ACADEMY,TRAVIS COUNTY,PK-7,Y,NO,371,15.9,0.0,78.7,3.2,76.0,15.6,30.7,34.5,40.9,D,F,F,D,3638,226
105902108,MENDEZ EL,SAN MARCOS CISD,HAYS COUNTY,KG-5,N,NO,574,6.4,0.7,81.7,10.6,79.6,23.1,33.3,26.7,46.6,D,F,F,D-,3680,227
246905001,GRANGER SCHOOL,GRANGER ISD,WILLIAMSON COUNTY,EE-12,N,NO,430,2.8,0.0,44.2,51.2,59.3,12.5,32.6,33.7,43.8,D,F,F,D-,3685,228
227910101,POPHAM EL,DEL VALLE ISD,TRAVIS COUNTY,EE-5,N,NO,772,3.6,0.8,87.2,5.7,89.0,16.0,24.4,35.5,45.2,F,F,F,D-,3690,229
227805101,TEXAS EMPOWERMENT ACADEMY EL,TEXAS EMPOWERMENT ACADEMY,TRAVIS COUNTY,KG-2,Y,NO,214,85.5,0.0,11.2,0.0,64.5,22.3,34.3,25.5,50.2,F,F,C,D-,3719,230
227907104,DECKER EL,MANOR ISD,TRAVIS COUNTY,KG-5,N,NO,517,13.0,0.4,83.8,1.9,97.3,21.8,21.9,36.7,44.3,F,F,F,D-,3755,231
227904104,NORTHWEST EL,PFLUGERVILLE ISD,TRAVIS COUNTY,EE-5,N,NO,529,26.8,11.0,40.6,16.3,70.9,25.5,33.5,27.9,44.2,D,F,F,D-,3760,232
28902101,CLEAR FORK EL,LOCKHART ISD,CALDWELL COUNTY,KG-5,N,NO,488,1.0,0.4,63.1,32.8,58.4,13.5,32.0,33.1,43.1,D,F,F,D-,3778,233
246913124,OFFICER LEONARD A REED EL,LEANDER ISD,WILLIAMSON COUNTY,EE-5,N,NO,746,6.8,7.2,51.9,29.0,48.8,11.1,36.9,28.9,45.8,D,F,F,D-,3792,234
227901149,BARRINGTON EL,AUSTIN ISD,TRAVIS COUNTY,EE-6,N,NO,542,9.2,1.5,85.6,2.4,77.5,21.7,21.8,36.2,46.6,F,F,F,D-,3794,235
227821101,AUSTIN DISCOVERY SCH,AUSTIN DISCOVERY SCHOOL,TRAVIS COUNTY,KG-8,Y,NO,556,2.2,1.3,23.9,65.1,11.7,12.1,51.4,27.9,47.4,D,F,F,D-,3797,236
227910111,CREEDMOOR EL,DEL VALLE ISD,TRAVIS COUNTY,EE-5,N,NO,700,1.4,0.0,88.0,9.6,94.1,12.8,23.7,34.3,43.9,F,F,F,D-,3802,237
227816101,HARMONY SCHOOL OF EXCELLENCE - AUSTIN,HARMONY SCIENCE ACADEMY (AUSTIN),TRAVIS COUNTY,KG-12,Y,NO,578,4.8,1.2,86.5,6.4,77.7,13.2,25.2,29.5,51.3,F,F,C,D-,3803,238
227901141,WALNUT CREEK EL,AUSTIN ISD,TRAVIS COUNTY,EE-6,N,NO,603,9.1,2.7,79.6,7.0,82.8,20.3,22.2,30.0,53.7,F,F,B,D-,3809,239
105902105,TRAVIS EL,SAN MARCOS CISD,HAYS COUNTY,KG-5,N,NO,643,5.6,0.8,69.4,22.6,79.3,23.1,30.0,29.4,43.5,F,F,F,D-,3820,240
227910109,HORNSBY-DUNLAP EL,DEL VALLE ISD,BASTROP COUNTY,EE-5,N,NO,594,17.5,0.5,70.2,9.9,90.6,18.1,24.6,31.7,46.3,F,F,F,D-,3821,241
246913116,JIM PLAIN EL,LEANDER ISD,WILLIAMSON COUNTY,EE-5,N,NO,710,5.6,1.3,29.7,56.8,26.3,12.9,42.1,31.9,43.9,D,F,F,D-,3835,242
227901139,SIMS EL,AUSTIN ISD,TRAVIS COUNTY,EE-6,N,NO,231,38.1,0.0,55.8,3.9,92.6,23.5,20.5,34.5,47.5,F,F,F,D-,3838,243
227901125,OAK SPRINGS EL,AUSTIN ISD,TRAVIS COUNTY,EE-5,N,NO,324,29.0,1.2,64.8,4.0,92.0,25.5,25.0,30.2,47.1,F,F,F,D-,3846,244
227910110,DEL VALLE EL,DEL VALLE ISD,TRAVIS COUNTY,EE-5,N,NO,801,9.9,1.2,81.9,5.9,85.0,16.2,26.7,30.4,44.8,F,F,F,D-,3849,245
15822009,JUBILEE WELLS BRANCH,JUBILEE ACADEMIES,TRAVIS COUNTY,PK-12,Y,NO,883,22.3,5.5,33.1,31.5,29.2,18.0,41.9,28.5,47.2,D,F,F,D-,3850,246
227901102,ANDREWS EL,AUSTIN ISD,TRAVIS COUNTY,EE-6,N,NO,572,13.6,2.6,80.6,1.9,93.9,22.7,29.8,25.1,47.0,F,F,F,D-,3854,247
105906108,SUSIE FUENTES EL,HAYS CISD,HAYS COUNTY,KG-5,N,NO,622,5.0,0.6,62.1,28.3,49.8,10.9,32.6,28.9,49.0,D,F,D,D-,3880,248
227901160,LINDER EL,AUSTIN ISD,TRAVIS COUNTY,1-5,N,NO,320,6.3,4.7,84.1,4.7,92.5,24.0,25.7,29.1,46.0,F,F,F,D-,3895,249
105906101,KYLE EL,HAYS CISD,HAYS COUNTY,EE-5,N,NO,680,1.6,1.2,60.3,32.6,46.0,10.4,32.8,31.1,46.6,D,F,F,D-,3903,250
105906103,TOM GREEN EL,HAYS CISD,HAYS COUNTY,EE-5,N,NO,721,2.8,1.7,74.1,19.0,59.8,13.4,27.7,30.3,49.4,F,F,D,D-,3905,251
227901176,GALINDO EL,AUSTIN ISD,TRAVIS COUNTY,EE-5,N,NO,588,4.8,0.5,86.4,7.1,84.9,21.2,28.9,28.3,43.0,F,F,F,D-,3910,252
227901157,WINN EL,AUSTIN ISD,TRAVIS COUNTY,EE-6,N,NO,241,20.7,0.4,75.1,2.5,85.1,17.9,24.2,33.0,42.4,F,F,F,D-,3931,253
105902103,DEZAVALA EL,SAN MARCOS CISD,HAYS COUNTY,KG-5,N,NO,615,1.6,0.2,83.3,14.5,79.3,16.5,28.4,28.4,43.8,F,F,F,D-,3936,254
227910107,HILLCREST EL,DEL VALLE ISD,TRAVIS COUNTY,EE-5,N,NO,555,3.1,0.0,93.3,3.1,96.2,19.1,23.6,29.6,47.1,F,F,F,D-,3937,255
105906114,CAMINO REAL EL,HAYS CISD,HAYS COUNTY,EE-5,N,NO,776,1.3,0.3,92.0,6.2,85.6,13.0,25.1,29.3,45.6,F,F,F,D-,3955,256
227901108,BROOKE EL,AUSTIN ISD,TRAVIS COUNTY,EE-5,N,NO,272,9.9,0.7,85.3,4.0,91.9,29.3,28.3,24.5,47.1,F,F,F,D-,3958,257
246913109,BAGDAD EL,LEANDER ISD,WILLIAMSON COUNTY,EE-5,N,NO,619,3.7,1.1,52.0,38.1,60.1,13.1,35.6,23.0,46.4,F,F,F,D-,3961,258
11901104,BASTROP INT,BASTROP ISD,BASTROP COUNTY,5-6,N,NO,729,6.7,0.7,54.6,34.7,60.2,13.1,25.9,34.5,43.5,D,F,F,D-,3965,259
227907105,BLAKE MANOR EL,MANOR ISD,TRAVIS COUNTY,EE-5,N,NO,671,10.0,0.1,76.6,10.7,85.7,15.5,26.2,28.9,43.5,F,F,F,D-,3986,260
14803004,CEDAR PARK CHARTER ACADEMY,PRIORITY CHARTER SCHOOLS,WILLIAMSON COUNTY,PK-12,Y,NO,256,5.5,5.1,20.3,63.3,23.0,27.8,45.0,22.9,49.0,D,F,D,F,4024,261
246904104,PAT COOPER EL,GEORGETOWN ISD,WILLIAMSON COUNTY,EE-5,N,NO,526,4.6,0.2,47.0,43.7,59.7,17.5,35.3,25.8,40.8,D,F,F,F,4026,262
11905101,MCDADE EL,MCDADE ISD,BASTROP COUNTY,EE-5,N,NO,265,1.5,0.0,44.5,52.5,61.5,13.6,30.3,28.6,41.6,F,F,F,F,4065,263
227910108,BATY EL,DEL VALLE ISD,TRAVIS COUNTY,EE-5,N,NO,706,13.9,0.6,81.4,2.3,96.9,30.7,22.4,25.4,48.4,F,F,D,F,4109,264
11902102,ELGIN EL,ELGIN ISD,BASTROP COUNTY,EE-5,N,NO,818,9.4,0.2,72.4,15.3,83.1,18.6,29.4,21.4,44.4,F,F,F,F,4126,265
105906112,SCIENCE HALL EL,HAYS CISD,HAYS COUNTY,PK-5,N,NO,742,2.4,0.9,84.6,11.1,72.4,14.5,27.7,24.1,44.7,F,F,F,F,4141,266
227901174,RODRIGUEZ EL,AUSTIN ISD,TRAVIS COUNTY,EE-5,N,NO,591,8.1,0.3,90.7,0.5,95.3,18.8,18.8,30.8,43.8,F,F,F,F,4154,267
227901113,CUNNINGHAM EL,AUSTIN ISD,TRAVIS COUNTY,EE-5,N,NO,412,8.0,3.4,58.0,23.8,56.6,7.7,30.1,27.7,39.9,F,F,F,F,4184,268
28902105,BLUEBONNET EL,LOCKHART ISD,CALDWELL COUNTY,KG-5,N,NO,663,2.9,0.2,79.2,15.8,72.9,12.2,28.2,24.6,40.5,F,F,F,F,4194,269
28903101,LEONARD SHANKLIN EL,LULING ISD,CALDWELL COUNTY,2-5,N,NO,440,4.8,0.0,67.5,25.5,74.3,13.2,22.5,26.7,45.4,F,F,F,F,4197,270
28906001,PRAIRIE LEA SCHOOL,PRAIRIE LEA ISD,CALDWELL COUNTY,PK-12,N,NO,200,7.5,0.0,47.5,42.0,76.0,21.0,28.4,18.2,47.6,F,F,F,F,4221,271
227901124,METZ EL,AUSTIN ISD,TRAVIS COUNTY,EE-5,N,NO,305,7.2,7.5,83.3,2.0,82.3,16.0,21.8,27.3,40.9,F,F,F,F,4245,272
227907106,PRESIDENTIAL MEADOWS EL,MANOR ISD,TRAVIS COUNTY,EE-5,N,NO,512,18.8,2.9,67.4,7.0,75.6,16.5,22.9,24.8,43.7,F,F,F,F,4259,273
105906110,TOBIAS EL,HAYS CISD,HAYS COUNTY,KG-5,N,NO,691,4.5,0.6,59.2,31.3,47.3,13.5,31.3,26.8,38.9,F,F,F,F,4266,274
227907107,OAK MEADOWS EL,MANOR ISD,TRAVIS COUNTY,EE-5,N,NO,616,14.8,1.6,79.4,1.9,96.9,16.6,22.1,26.6,38.7,F,F,F,F,4268,275
227901162,HOUSTON EL,AUSTIN ISD,TRAVIS COUNTY,EE-5,N,NO,680,7.8,0.0,90.4,1.2,83.1,16.1,19.2,25.2,46.1,F,F,F,F,4275,276
28902106,ALMA BREWER STRAWN EL,LOCKHART ISD,CALDWELL COUNTY,EE-5,N,NO,454,1.1,0.4,90.3,6.4,85.0,0.0,20.6,25.1,42.3,F,F,F,F,4300,277
227901193,WEBB PRI CENTER,AUSTIN ISD,TRAVIS COUNTY,EE-5,N,NO,262,4.6,0.0,93.1,1.1,96.2,25.9,15.8,28.6,42.2,F,F,F,F,4314,278
11902101,BOOKER T WASHINGTON EL,ELGIN ISD,BASTROP COUNTY,KG-5,N,NO,608,10.5,0.0,70.6,16.8,78.8,13.3,22.6,23.7,41.4,F,F,F,F,4316,279
246904103,FROST EL,GEORGETOWN ISD,WILLIAMSON COUNTY,EE-5,N,NO,423,9.2,0.7,42.6,42.1,64.8,11.8,29.1,21.4,38.4,F,F,F,F,4328,280
11902103,NEIDIG EL,ELGIN ISD,TRAVIS COUNTY,KG-5,N,NO,651,17.8,0.5,56.7,23.0,71.9,19.5,23.7,23.2,40.3,F,F,F,F,4338,281
246904110,JAMES E MITCHELL EL,GEORGETOWN ISD,WILLIAMSON COUNTY,EE-5,N,NO,537,1.3,0.4,65.9,30.5,65.2,13.6,26.0,22.0,37.8,F,F,F,F,4378,282
227901175,WIDEN EL,AUSTIN ISD,TRAVIS COUNTY,EE-5,N,NO,558,6.3,0.0,91.9,0.9,85.8,18.1,18.8,21.1,41.1,F,F,F,F,4408,283
227901164,PICKLE EL,AUSTIN ISD,TRAVIS COUNTY,EE-5,N,NO,637,4.9,0.8,92.3,1.6,90.4,20.5,17.6,17.6,42.8,F,F,F,F,4440,284
227901116,GOVALLE EL,AUSTIN ISD,TRAVIS COUNTY,EE-5,N,NO,470,12.1,0.9,84.7,1.1,88.3,22.4,11.6,19.5,42.1,F,F,F,F,4468,285
105906109,HEMPHILL EL,HAYS CISD,HAYS COUNTY,EE-5,N,NO,844,0.8,0.2,93.2,4.9,90.3,11.8,15.8,12.2,40.1,F,F,F,F,4488,286
